书架分类,藏书名称,作者,出版社,ISBN,收藏时间,阅读进度
无分类,认知心理学,[美] 罗伯特・索尔所_@_[美] 奥托・麦克林_@_[美] 金伯利・麦克林,上海人民出版社,9787208152724,2022年09月06 22:06:14,0%
无分类,精神现象学,(德) 黑格尔,人民出版社,9787010150048,2022年09月06 22:05:58,0%
无分类,埃克哈特大师文集,埃克哈特,商务印书馆,9787100068789,2022年09月06 22:07:49,0%
无分类,Fooled by Randomness,Nassim Nicholas Taleb,Penguin,9780141031484,2024年05月20 19:57:54,0%
无分类,The Philosophy of Aristotle,Aristotle,Penguin US,9780451531759,2024年05月20 19:59:29,0%
无分类,Educated,Tara Westover,Windmill Books,9780099511021,2024年05月20 20:00:13,0%
无分类,A History of the World in 100 Objects,Neil MacGregor,Penguin,9780241951774,2024年05月20 20:00:28,0%
无分类,悉达多,[德]赫尔曼・黑塞,天津人民出版社,9787201112695,2024年05月20 20:00:35,0%
无分类,Antifragile,Taleb Nassim Nicholas,,9780141038223,2024年05月20 20:00:41,0%
无分类,The Black Swan,Nassim Nicholas Taleb,Penguin,9780141034591,2024年05月20 20:00:46,0%
无分类,清单革命,[美]阿图・葛文德,北京联合出版公司,9787559610737,2024年05月20 20:01:42,0%
无分类,自控力,[美]  凯利・麦格尼格尔,文化发展出版社(原印刷工业出版社),9787514205039,2024年05月20 20:01:53,0%
无分类,The Power of Habit,Charles Duhigg,Random House Trade Paperbacks,9780812981605,2024年05月20 20:04:14,0%
无分类,The Power of Now,艾克哈特・托勒 (Eckhart Tolle),Hodder Mobius,9780340733509,2024年05月20 20:04:58,0%
无分类,Talent is Overrated,Geoff Colvin,Portfolio,9781591842941,2024年05月20 20:05:25,0%
无分类,Outliers,Malcolm Gladwell,Back Bay Books,9780316017930,2024年05月20 20:05:40,0%
无分类,Peak,Anders Ericsson_@_Robert Pool,Eamon Dolan/Mariner Books,9780544947221,2024年05月20 20:06:53,0%
无分类,一万小时天才理论,[美] 丹尼尔・科伊尔,中国人民大学出版社,9787300116778,2024年05月20 20:07:23,0%
无分类,A Mind For Numbers,Barbara Oakley,Tarcher,9780399165245,2024年05月20 20:07:29,0%
无分类,Building a Second Brain,Tiago Forte,,9781800812222,2024年05月20 20:07:40,0%
无分类,重塑大脑 重塑人生,[美] 诺曼・道伊奇,机械工业出版社,9787111489757,2024年05月20 20:07:49,0%
无分类,如何成为优秀的大脑饲养员,[意] 丽莎・莫斯考尼,九州出版社,9787522506449,2024年05月20 20:07:55,0%
无分类,大脑喜欢这样工作,约翰・梅迪纳,浙江科学技术出版社,9787573911131,2024年05月20 20:08:04,0%
无分类,,,,9780983263388,2024年05月20 20:08:13,0%
无分类,让成熟的大脑自由,[加] 约翰・梅迪纳,天津科学技术出版社,9787557692988,2024年05月20 20:08:25,0%
无分类,Brain Rules,John Medina,Pear Press,9780983263371,2024年05月20 20:08:32,0%
无分类,英语启蒙第一年完全攻略,Larry Ho,湖南教育出版社,9787553971568,2024年05月20 20:10:18,0%
无分类,全儿童英语启蒙,海岚,北京语言大学出版社,9787561947906,2024年05月20 20:10:24,0%
无分类,做孩子最好的英语学习规划师2：懒人解决方案,盖兆泉,外语教学与研究出版社,9787521311433,2024年05月20 20:10:46,0%
无分类,做孩子最好的英语学习规划师,盖兆泉,外研社,9787513555166,2024年05月20 20:10:50,0%
无分类,不能错过的英语启蒙,安妮鲜花,外语教学与研究出版社,9787513508841,2024年05月20 20:10:55,0%
无分类,培养双语儿童,巴巴拉・祖瑞尔・皮尔逊,北京语言大学出版社,9787561942314,2024年05月20 20:11:00,0%
无分类,笔记的方法,刘少楠_@_刘白光,新星出版社,9787513353168,2024年05月20 20:11:12,0%
无分类,卡片笔记写作法,[德] 申克・阿伦斯,人民邮电出版社,9787115564672,2024年05月20 20:11:24,0%
无分类,The Inner Game of Tennis,W. Timothy Gallwey,Random House,9780679778318,2024年05月20 20:11:40,0%
无分类,"Surely You're Joking, Mr. Feynman!",Richard P. Feynman_@_Ralph Leighton,W. W. Norton & Company,9780393316049,2024年05月20 20:11:48,0%
无分类,How We Learn,Benedict Carey,Random House Trade Paperbacks,9780812984293,2024年05月20 20:14:03,0%
无分类,How to Read a Book,Mortimer J. Adler_@_Charles Van Doren (Joint Author),Touchstone,9780671212094,2024年05月20 20:14:15,0%
无分类,什么是教育,[德]卡尔・雅斯贝尔斯,生活・读书・新知三联书店,9787108070753,2024年05月20 20:14:22,0%
无分类,POSITIVE DISCIPLINE,"Nelson, Jane",Ballantine Books,9780345487674,2024年05月20 20:14:27,0%
无分类,大脑喜欢听你这样说,[澳] 杰瑞德・库尼・霍瓦斯,中国友谊出版公司,9787505755239,2024年05月20 20:14:42,0%
无分类,Different,Youngme Moon,Crown Business,9780307460868,2024年05月20 20:14:56,0%
无分类,The Power of Full Engagement,Jim Loehr_@_Tony Schwartz,Free Press,9780743226752,2024年05月20 20:15:07,0%
无分类,The Bilingual Edge,Kendall King_@_Alison Mackey,Harper Paperbacks,9780061246562,2024年05月20 20:16:42,0%
无分类,Tuesdays with Morrie,Mitch Albom,Bantam Doubleday Dell Publishing Group,9780385496490,2024年05月20 20:16:54,0%
无分类,Siddhartha,Hermann Hesse,Bantam Classics,9780553208849,2024年05月20 20:17:00,0%
无分类,The Moon and Six Pence,William Somerset Maugham,,9787205086138,2024年05月20 20:17:12,0%
无分类,Elon Musk,,,9780753557525,2024年05月20 20:17:28,0%
无分类,The Autobiography and Other Writings,Benjamin Franklin,"
      ",9780553210750,2024年05月20 20:17:55,0%
无分类,最好金龟换酒,傅真,中信出版社,9787508641225,2024年05月20 20:18:12,0%
无分类,我们八月见,[哥伦比亚]加西亚・马尔克斯,南海出版公司,9787573508775,2024年05月20 20:18:18,0%
无分类,百年孤独（50周年纪念版）,（哥伦比亚）加西亚・马尔克斯,南海出版公司,9787544291170,2024年05月20 20:18:40,0%
无分类,宁作我,汪曾祺_@_杨早,贵州人民出版社,9787221160058,2024年05月20 20:19:23,0%
无分类,此生尽兴,[日]濑户内寂听,天津人民出版社,9787201159652,2024年05月20 20:19:27,0%
无分类,云雀叫了一整天,木心,广西师范大学出版社,9787563377947,2024年05月20 20:19:34,0%
无分类,万般滋味，都是生活：丰子恺散文漫画精选集,丰子恺,华中科技大学出版社,9787568039390,2024年05月20 20:19:53,0%
无分类,不争论的智慧,王蒙,陕西师范大学出版社,9787569509083,2024年05月20 20:20:01,0%
无分类,丑的历史,翁贝托?艾柯(Umberto Eco),中央编译出版社,9787511707406,2024年05月20 20:20:07,0%
无分类,美的历史,（意大利）翁贝托?艾柯,中央编译出版社,9787511707383,2024年05月20 20:20:11,0%
无分类,活着为了讲述,[哥伦比亚] 加西亚・马尔克斯,南海出版公司,9787544281584,2024年05月20 20:20:26,0%
无分类,霍乱时期的爱情,[哥伦比亚] 加西亚・马尔克斯,南海出版公司,9787544297059,2024年05月20 20:20:45,0%
无分类,瑜伽解剖学（全彩图解第2版）,[美]雷斯利?卡米诺夫_@_[美]艾米?马修斯_@_[美]莎朗? 埃利斯,人民邮电出版社,9787115417985,2024年05月20 20:21:09,0%
无分类,瑜伽之光,[印] B. K. S. 艾扬格(B. K. S. Iyenger),当代中国出版社,9787801709639,2024年05月20 20:21:43,0%
无分类,The World of Ice and Fire,George R.R. Martin_@_Elio Garcia_@_Linda Antonsson,Bantam,9780553805444,2024年05月20 20:21:52,0%
无分类,The Three-Body Problem,Cixin Liu,Tor Books,9780765382030,2024年05月20 20:22:06,0%
无分类,Give and Take,Adam M. Grant Ph.D.,Viking Adult,9780670026555,2024年05月20 20:22:19,0%
无分类,Onward,Howard Schultz_@_Joanne Gordon,Rodale Books,9781605292885,2024年05月20 20:22:37,0%
无分类,向前一步,谢丽尔?桑德伯格,中信出版社,9787508646244,2024年05月20 20:22:43,0%
无分类,Silent Spring,Rachel Carson,Houghton Mifflin Company,9780618249060,2024年05月20 20:22:48,0%
无分类,学会提问,尼尔?布朗（Neil Browne）_@_斯图尔特?基利（Stuart M. Keeley）,机械工业出版社,9787111406594,2024年05月20 20:23:13,0%
无分类,纳瓦尔宝典,[美] 埃里克・乔根森,中信出版社,9787521741124,2024年05月20 20:23:28,0%
无分类,Logic,Graham Priest,OUP Oxford,9780192893208,2024年05月20 20:23:35,0%
无分类,On Truth,Harry G. Frankfurt,Knopf,9780307264220,2024年05月20 20:23:43,0%
无分类,On Bullshit,Harry G. Frankfurt,Princeton University Press,9780691122946,2024年05月20 20:24:31,0%
无分类,钝感力,渡边淳一,南海出版社,9787544266482,2024年05月20 20:24:56,0%
无分类,"Thinking, Fast and Slow",Daniel Kahneman,Penguin,9780141033570,2024年05月20 20:26:28,0%
无分类,The Daily Stoic,Ryan Holiday_@_Stephen Hanselman,Portfolio,9780735211735,2024年05月20 20:26:34,0%
无分类,Delivering Happiness,Tony Hsieh,Business Plus,9780446585323,2024年05月20 20:26:52,0%
无分类,Pour Your Heart Into It,Howard Schultz_@_Dori jones Yang,Hachette Books,9780786883561,2024年05月20 20:27:05,0%
无分类,沉思录,[古罗马] 马可・奥勒留,中央编译出版社,9787802116290,2024年05月20 20:27:18,0%
无分类,Principles,Ray Dalio,Simon & Schuster,9781501124020,2024年05月20 20:27:31,0%
无分类,情商（2版）,[美] 丹尼尔・戈尔曼,中信出版社,9787508683768,2024年05月20 20:28:20,0%
无分类,Steve Jobs,Walter Isaacson,Simon & Schuster,9781451648539,2024年05月20 20:28:38,0%
无分类,"L的基本:一枝P就能,零基A也能p上手的6堂n",,,9789869352796,2024年05月20 20:29:10,0%
无分类,绘唯美：色铅笔写实绘画技法,子小伟,人民邮电出版社,9787115477163,2024年05月20 20:29:20,0%
无分类,"L的基本2:一枝P就能,零基A也能p上手的6堂速n",,,9789869460699,2024年05月20 20:29:25,0%
无分类,Word Power Made Easy,Norman Lewis,Anchor,9781101873854,2024年05月20 20:29:42,0%
无分类,Merriam-Webster's Vocabulary Builder,Mary Wood Cornog,Merriam-Webster,9780877798552,2024年05月20 20:30:21,0%
无分类,"On Writing Well, 30th Anniversary Edition",William Zinsser,Harper Perennial,9780060891541,2024年05月20 20:30:46,0%
无分类,9787552220100,,,9787552220100,2024年05月20 20:31:18,0%
无分类,四级词汇词根+联想记忆法,俞敏洪,浙江教育出版社,9787553649405,2024年05月20 20:32:49,0%
无分类,新东方 雅思词汇词根+联想记忆法 加强版 IELTS,,,9787572232961,2024年05月20 20:32:58,0%
无分类,新东方 雅思词汇词根+联想记忆法 乱序版,,,9787572231940,2024年05月20 20:33:08,0%
无分类,100个句子记完7000个雅思单词,俞敏洪 著,浙江教育出版社,9787553689388,2024年05月20 20:33:14,0%
无分类,新东方 四级听力高分训练20天,新东方考试研究中心,浙江教育出版社,9787553669519,2024年05月20 20:33:19,0%
无分类,AI超级个体：肖厂长新书，AI创富时代，内容创富的实战方法论,肖逸群 著  三鼎甲 出品,团结出版社,9787523402061,2024年05月20 20:33:28,0%
无分类,顾家北手把手教你雅思词伙 2.0,顾家北,中国人民大学出版社,9787300245218,2024年05月20 20:33:32,0%
无分类,9分烤鸭雅思口语真题解析,,,9787500155140,2024年05月20 20:33:40,0%
无分类,Writing for IELTS,Anneli Williams,Collins,9780007423248,2024年05月20 20:33:52,0%
无分类,English Vocabulary in Use,Michael McCarthy_@_Felicity O'Dell,Cambridge University Press,9781316630068,2024年05月20 20:34:03,0%
无分类,剑桥雅思官方真题集15,,群言出版社,9787519304942,2024年05月20 20:34:07,0%
无分类,新东方 剑桥雅思官方真题集12：学术类,,,9781108610766,2024年05月20 20:34:53,0%
无分类,新东方?剑桥雅思真题精讲12：学术类,周成刚,浙江教育出版社,9787553669472,2024年05月20 20:34:59,0%
无分类,剑桥雅思官方真题集16 学术类,剑桥考试联合出版中心,群言出版社,9787519306496,2024年05月20 20:35:17,0%
无分类,最新雅思阅读真经总纲,刘洪波,中国人民大学出版社,9787300248172,2024年05月20 20:35:22,0%
无分类,新东方 剑桥雅思官方真题集18 学术类 IELTS 雅思命题方出品 新东方权威引进,剑桥大学出版社与考试委员会,群言出版社,9787519308391,2024年05月20 20:35:27,0%
无分类,新东方  剑桥雅思官方真题集17 学术类,剑桥考试联合出版中心,群言出版社,9787519307325,2024年05月20 20:35:38,0%
无分类,关于小精灵的几乎全部真相,[法] 克洛蒂尔德・德拉克罗瓦,天津人民出版社,9787201148922,2024年05月20 20:36:48,0%
无分类,瑜伽之书,[德]格奥尔格? 福伊尔施泰因,海南出版社,9787544366335,2024年05月20 20:37:16,0%
无分类,社会心理学（第11版，平装版）,戴维・迈尔斯 (David G.Myers),人民邮电出版社,9787115410047,2024年05月20 20:37:29,0%
无分类,消费心理学,迈克尔・R・所罗门_@_南希・J・拉博尔特,中国人民大学出版社,9787300180106,2024年05月20 20:37:58,0%
无分类,后来呢后来怎么了,[日]吉竹伸介_@_爱心书童书 出品,甘肃少年儿童出版社,9787542253781,2024年05月20 20:38:16,0%
无分类,The Little World of Liz Climo,Liz Climo,Running Press,9780762452385,2024年05月20 20:38:25,0%
无分类,悲剧的诞生,弗里德里希・尼采,译林出版社,9787544720120,2024年05月20 20:38:30,0%
无分类,什么是数学,R?柯朗_@_H?罗宾_@_I・斯图尔特,复旦大学出版社,9787309086232,2024年05月20 20:38:34,0%
无分类,数学爵士乐,爱德华・伯格_@_迈克尔・斯塔伯德,湖南科学技术出版社,9787535748720,2024年05月20 20:38:40,0%
无分类,怎样解题,[美] G. 波利亚,上海科技教育出版社,9787542843876,2024年05月20 20:38:44,0%
无分类,现象学导论,[美] 罗伯特・索科拉夫斯基,上海文化出版社,9787553521428,2024年05月20 20:38:50,0%
无分类,数学与猜想（第二卷）,[美] G. 波利亚,科学出版社,9787030091116,2024年05月20 20:38:56,0%
无分类,人生道路诸阶段,[丹] 克尔凯郭尔,商务印书馆,9787100164139,2024年05月20 20:39:54,0%
无分类,谈谈方法,[法] 笛卡尔,商务印书馆,9787100030908,2024年05月20 20:40:36,0%
无分类,形而上学导论,海德格尔,商务印书馆,9787100017169,2024年05月20 20:40:46,0%
无分类,伦理学,斯宾诺莎,商务印书馆,9787100011631,2024年05月20 20:40:56,0%
无分类,哲学片段,[丹麦]克尔凯郭尔,商务印书馆,9787100086400,2024年05月20 20:41:13,0%
无分类,诗学,[古希腊] 亚里士多德,商务印书馆,9787100027717,2024年05月20 20:41:18,0%
无分类,沧浪之水,阎真,北京十月文艺出版社,9787530221525,2024年05月20 20:41:22,0%
无分类,脑中魅影,[美] V. S. 拉马钱德兰_@_[美] S.布莱克斯利,湖南科学技术出版社,9787535788290,2024年05月20 20:42:12,0%
无分类,^念c意: 垡蛩固股⑽募,,田,9789863443223,2024年05月20 20:42:30,0%
无分类,我们赖以生存的隐喻,[美] 乔治・莱考夫_@_[美] 马克・ 约翰逊,浙江大学出版社,9787308143172,2024年05月20 20:42:36,0%
无分类,存在与虚无,让・保罗・萨特,生活・读书・新知三联书店,9787108050984,2024年05月20 20:42:42,0%
无分类,最初的爱，最后的故事,[英] 奥利弗・萨克斯,广西师范大学出版社,9787559837653,2024年05月20 20:42:51,0%
无分类,把自己作为方法,项飙_@_吴琦,上海文艺出版社,9787532176953,2024年05月20 20:43:02,0%
无分类,额尔古纳河右岸,迟子建,人民文学出版社,9787020106660,2024年05月20 20:43:07,0%
无分类,新日本语学入门,庵功雄,外语教学与研究出版社,9787560040738,2024年05月20 20:43:17,0%
无分类,数学与猜想（第一卷）,[美] G. 波利亚,科学出版社,9787030091109,2024年05月20 20:43:24,0%
无分类,中国历代政治得失,钱穆,九州出版社,9787510812675,2024年05月20 20:43:29,0%
无分类,语言学的邀请,塞缪尔・早川 Samuel Hayakawa_@_艾伦・早川 Alan Hayakawa,北京大学出版社,9787301259702,2024年05月20 20:43:34,0%
无分类,西方哲学史,邓晓芒_@_赵林,高等教育出版社,9787040396041,2024年05月20 20:43:39,0%
无分类,知觉现象学,[法]莫里斯・梅洛-庞蒂,商务印书馆,9787100200967,2024年05月20 20:43:58,0%
无分类,逻辑哲学论,[奥]维特根斯坦,商务印书馆,9787100164610,2024年05月20 20:44:03,0%
无分类,白鲸记,[法] 克里斯多夫・夏布特,湖南美术出版社,9787535682970,2024年05月20 20:44:28,0%
无分类,散步去,[日] 谷口治郎,后浪丨北京联合出版公司,9787550293342,2024年05月20 20:44:33,0%
无分类,The Cambridge Handbook of the Learning Sciences,,Cambridge University Press,9781107626577,2024年05月20 20:44:41,0%
无分类,西方哲学史（第9版）,(美) 撒穆尔・伊诺克・斯通普夫_@_(美) 詹姆斯・菲泽,北京联合出版公司,9787559632432,2024年05月20 20:44:50,0%
无分类,经济学原理（第8版）,(美) N.格里高利. 曼昆 (N. Gregory Mankiw),北京大学出版社,9787301312971,2024年05月20 20:44:55,0%
无分类,和风漫步 日系街景钢笔淡彩绘制技法,WAN_ART,人民邮电出版社,9787115517920,2024年05月20 20:45:30,0%
无分类,日本插画师年鉴 : ILLUSTRATION平成,[日] 平泉康儿 编,新星出版社,9787513344661,2024年05月20 20:45:53,0%
无分类,上瘾,[美] 尼尔・埃亚尔_@_[美] 瑞安・胡佛,中信出版社,9787508668314,2024年05月20 20:46:25,0%
无分类,"Eat, Pray, Love. Movie Tie-In","Gilbert, Elizabeth",Penguin Group,9780143118435,2024年05月20 20:47:08,0%
无分类,如何戳穿谎言,(美)艾克曼,上海文化出版社,9787805113319,2024年05月20 20:48:11,0%
无分类,放，together,Soupy,原点,9789866408724,2024年05月20 20:48:36,0%
无分类,十分钟冥想,［英］安迪・普迪科姆（Andy Puddicombe),机械工业出版社,9787111639824,2024年05月20 20:49:15,0%
无分类,"Goodbye, Penguins",,,9781419668708,2024年05月20 20:50:00,0%
无分类,中国学生英语口笔语语料库2.0,,,9787560080154,2024年05月20 20:50:15,0%
无分类,中国学生英语口笔语语料库(附CD-ROM光盘三张1.0版）,文秋芳,外语教学与研究出版社,9787560049731,2024年05月20 20:50:25,0%
无分类,薄冰新编英语语法,何政安_@_薄冰,世界知识出版社,9787501221028,2024年05月20 20:50:38,0%
无分类,新编英语语法教程,章振邦,上海外语教育出版社,9787810806213,2024年05月20 20:50:45,0%
无分类,牛津实用英语语法,A.J.Thomson_@_A.V.Martinet,外语教学与研究出版社,9787560015699,2024年05月20 20:50:50,0%
无分类,Notes on Grammar,Dee A. Holisky,Orchises Pr,9780914061311,2024年05月20 20:51:17,0%
无分类,语料库与中国学习者英语口语研究,许家金,外语教学与研究出版社,9787521318746,2024年05月20 20:51:33,0%
无分类,汉语口语语篇库,李爱军,中国社会科学出版社,9787520375696,2024年05月20 20:51:41,0%
无分类,新东方・托福写作白皮书,范亚飞_@_王志庆,浙江教育出版社,9787553622552,2024年05月20 20:51:46,0%
无分类,新东方 高效学习：初中英语写作满分攻略,,,9787553692456,2024年05月20 20:51:58,0%
无分类,Natural Language Annotation for Machine Learning,James Pustejovsky_@_Amber Stubbs,O'Reilly Media,9781449306663,2024年05月20 20:52:04,0%
无分类,英语学科知识与教学呢能力 初中,,,9787573123718,2024年05月20 20:52:12,0%
无分类,雅思听力真题还原 升级版,,,9787518325047,2024年05月20 20:52:19,0%
无分类,新东方 高考英语写作高分攻略,,,9787553693132,2024年05月20 20:52:42,0%
无分类,美国大学英语写作（第九版）,[美] John Langan,外语教学与研究出版社,9787513550154,2024年05月20 20:53:42,0%
无分类,Should You Judge This Book by Its Cover?,Julian Baggini,,9781847081247,2024年05月20 20:54:54,0%
无分类,雅思词汇词根+联想记忆法,俞敏洪,浙江教育,9787533890544,2024年05月20 20:55:54,0%
无分类,新东方 雅思9分写作 IELTS,,浙江教育出版社,9787572210044,2024年05月20 20:58:41,0%
无分类,新东方 雅思写作胜经,,,9787553630090,2024年05月20 20:58:45,0%
无分类,小学英语写作基础手册,杭州新东方小学英语研发中心,海豚出版社,9787511053565,2024年05月20 21:02:52,0%
无分类,corpus linguistics for world englishes,Claudia Lange; Sven Leuckert,Routledge,9781138593411,2024年05月20 21:07:58,0%
无分类,驾驶口语-船员实用英语口语,青岛远洋船员学院,第1版 (2006年8月1日),9787114061356,2024年05月20 21:11:01,0%
无分类,生活口语-船员实用英语口语,青岛远洋船员学院,第1版 (2006年8月1日),9787114061349,2024年05月20 21:11:07,0%
无分类,365天英语交际口语大全,,,9787571302832,2024年05月20 21:11:13,0%
